id,receive_id,receive_date
126,134,8/1/2563
127,135,8/1/2563
128,136,8/1/2563
129,137,8/1/2563
130,138,8/1/2563
131,139,8/1/2563
132,140,8/1/2563
133,141,8/1/2563
134,142,8/1/2563
135,143,8/1/2563
136,144,8/1/2563
137,145,8/1/2563
138,146,8/1/2563
139,147,8/1/2563
140,148,8/1/2563
141,149,8/1/2563
142,150,8/1/2563
143,151,8/1/2563
144,152,8/1/2563
145,153,8/1/2563
146,154,8/1/2563
147,155,8/1/2563
148,156,8/1/2563
149,157,8/1/2563
150,158,8/1/2563
151,159,8/1/2563
152,160,8/1/2563
153,161,8/1/2563
154,162,8/1/2563
155,163,8/1/2563
156,165,8/1/2563
157,166,9/1/2563
158,167,9/1/2563
159,168,9/1/2563
160,169,9/1/2563
161,170,9/1/2563
162,171,9/1/2563
163,172,9/1/2563
164,173,9/1/2563
165,174,9/1/2563
166,175,9/1/2563
167,176,9/1/2563
168,177,9/1/2563
169,178,9/1/2563
170,179,9/1/2563
171,180,9/1/2563
172,181,9/1/2563
173,182,9/1/2563
174,183,9/1/2563
175,184,9/1/2563
176,185,9/1/2563
177,186,9/1/2563
178,187,9/1/2563
179,188,3/11/2563
180,189,9/1/2563
181,190,9/1/2563
182,191,9/1/2563
183,192,9/1/2563
184,193,9/1/2563
185,194,9/1/2563
186,195,9/1/2563
187,196,9/1/2563
188,197,9/1/2563
189,198,9/1/2563
190,199,9/1/2563
191,200,9/1/2563
192,201,9/1/2563
193,202,9/1/2563
194,203,9/1/2563
195,204,9/1/2563
196,205,9/1/2563
197,206,9/1/2563
198,207,9/1/2563
199,208,9/1/2563
200,209,9/1/2563
201,210,9/1/2563
202,211,10/1/2563
203,212,10/1/2563
204,213,10/1/2563
205,214,10/1/2563
206,215,10/1/2563
207,216,10/1/2563
208,217,10/1/2563
209,218,10/1/2563
210,219,10/1/2563
211,220,10/1/2563
212,221,10/1/2563
213,222,10/1/2563
214,223,10/1/2563
215,224,10/1/2563
216,225,10/1/2563
217,226,10/1/2563
218,227,10/1/2563
219,228,10/1/2563
220,229,10/1/2563
221,230,10/1/2563
222,231,10/1/2563
223,232,10/1/2563
224,233,10/1/2563
225,234,10/1/2563
226,235,10/1/2563
227,236,10/1/2563
228,237,10/1/2563
229,238,10/1/2563
230,239,10/1/2563
231,240,10/1/2563
232,241,10/1/2563
233,242,10/1/2563
234,243,10/1/2563
235,244,10/1/2563
236,245,10/1/2563
237,246,13/1/2563
238,247,13/1/2564
239,248,13/1/2565
240,249,13/1/2566
241,250,13/1/2567
242,251,13/1/2568
243,252,13/1/2569
244,253,13/1/2570
245,254,13/1/2571
246,255,13/1/2572
247,256,13/1/2573
248,257,13/1/2574
249,258,13/1/2575
250,259,13/1/2576